f,att_rot,res_med,G1,G2,G3,th1,th2,th3,ph1,ph2,ph3,O1/G1,O2/G2,O3/G3
35.0,-1,230.81224935476087,0.9999943314198048,1.000006063694247,0.9999983401171318,88.79067388411522,89.15486649484794,1.4620496798531364,-0.008701872352990771,-89.99084063818455,34.74037338761541,-2.858859031376466,-1.9901972063421842,0.24361832788589774
