f,att_rot,res_med,G1,G2,G3,th1,th2,th3,ph1,ph2,ph3,O1/G1,O2/G2,O3/G3
35.0,-1,1399.0582952171626,0.9999987682291195,0.9999990842279465,0.9999983339281332,88.7906210930962,89.15483984915683,1.4621058326354786,-0.009060305655819702,-89.99111323344884,34.76039125061104,-2.8875832531365164,-2.029775142848097,0.22564184768408535
