f,att_rot,res_med,G11,G12,G13,G21,G22,G23,G31,G32,G33,O1,O2,O3
35.0,-1,216.9511277771612,0.9999988457190923,-3.334839874154736e-07,0.0015677895056717417,0.017211207146763146,-8.988896087700972e-07,0.9999999960757228,0.0010978549361446693,0.015039953606281681,-0.0015707655905783503,-0.0011016218480492676,0.9999977798158433,-0.01018522610347931
