f,att_rot,res_med,G1,G2,G3,th1,th2,th3,ph1,ph2,ph3,O1/G1,O2/G2,O3/G3
35.0,-1,334.7647059434539,1.0000001586660643,1.0000004959753315,0.9999997669191746,89.91246426171746,89.93870764454037,0.10710978479789207,-7.755397516400779e-06,-89.9999627513944,35.03921308363871,0.016874329979983217,0.011743813507000867,-0.0004080902023468818
