f,att_rot,res_med,G1,G2,G3,th1,th2,th3,ph1,ph2,ph3,O1/G1,O2/G2,O3/G3
35.0,-1,137.3948751403936,1.0000001247185486,1.0000005155980962,0.9999997912971332,89.91033673386477,89.93721625489214,0.1097215935093654,-9.186267979986646e-06,-89.9999587986788,35.04335608582155,0.018626834006784436,0.012981028438307167,-0.00979836762213021
