f,att_rot,res_med,G11,G12,G13,G21,G22,G23,G31,G32,G33,O1,O2,O3
35.0,-1,137.3948751403936,0.9999989002325628,-1.603304458948994e-07,0.0015649187685855296,0.01862683632989614,-7.190986501352178e-07,0.9999999152273212,0.0010957834145567994,0.012981035131300717,-0.0015678457759884716,-0.0010995864480378979,0.9999979576797025,-0.009798365577182798
