f,att_rot,res_med,G11,G12,G13,G21,G22,G23,G31,G32,G33,O1,O2,O3
35.0,-1,1392.7424429681541,0.9997690212698949,-0.00014814478884890697,0.02110324606522795,-2.833012465050191,-0.00015826944742537155,0.9998951070327942,0.014748552353642034,-2.0087636762448837,-0.020963007341124485,-0.014541083334334645,0.9996728419443422,0.23106366683548016
