f,att_rot,res_med,G11,G12,G13,G21,G22,G23,G31,G32,G33,O1,O2,O3
35.0,-1,230.81224935476087,0.9997715825547357,-0.00015184163361359228,0.02110503569909066,-2.8588428257047798,-0.00015984459920245864,0.999897265636804,0.014749916847529835,-1.9902092742895345,-0.020966575201690853,-0.014539813324302896,0.9996727848600386,0.24361792350800893
