f,att_rot,res_med,G11,G12,G13,G21,G22,G23,G31,G32,G33,O1,O2,O3
35.0,-1,1399.0582952171626,0.999775997960079,-0.00015809674432137378,0.02110605050936787,-2.8875796962955502,-0.00015508631960650882,0.9998902808194363,0.014750278905629442,-2.029773284036746,-0.020962298798125317,-0.014547696187881655,0.9996727536668014,0.22564147174855095
