f,att_rot,res_med,G1,G2,G3,th1,th2,th3,ph1,ph2,ph3,O1/G1,O2/G2,O3/G3
35.0,-1,1392.7424429681541,0.999991732381989,1.000003884949388,0.9999983408498226,88.7907733026958,89.15494284133338,1.461923131071404,-0.008490032112610783,-89.99093087742521,34.747283220419526,-2.83303588750872,-2.0087558723299868,0.23106405020544005
