f,att_rot,res_med,G1,G2,G3,th1,th2,th3,ph1,ph2,ph3,O1/G1,O2/G2,O3/G3
35.0,-1,137.9632847074049,1.0035291850053987,1.003216463538137,1.00432315418647,89.90426322525948,89.92897624137282,0.10989967189967821,0.037776043480914914,89.96570726500515,33.698219871612736,-137.52217272774726,195.0296738536455,0.29205374378389465
