f,att_rot,res_med,G11,G12,G13,G21,G22,G23,G31,G32,G33,O1,O2,O3
35.0,-1,334.7647059434539,0.9999989915997732,-1.3535708496793253e-07,0.0015277864942594476,0.016874332657366743,-6.501107598847378e-07,0.9999999237887127,0.001069753735611894,0.011743819331642664,-0.0015306024538496116,-0.0010733012644822606,0.9999980195575027,-0.0004080901072288806
