f,att_rot,res_med,G11,G12,G13,G21,G22,G23,G31,G32,G33,O1,O2,O3
234.99999999999997,-1,221.64271314922095,0.9999996805125683,0.00034650284512539306,-1.1825995390070232e-06,0.0030992172772832368,-0.00034616051183835336,0.9999999509423373,-8.747177094826999e-07,0.00024005722294523317,1.2299619551511723e-06,8.141935208155202e-07,1.0000000020904847,-0.0005134864786655106
