f,att_rot,G1,G2,G3,th1,th2,th3,ph1,ph2,ph3,O1/G1,O2/G2,O3/G3
234.99999999999997,-1,122.85850775800968,124.09308447531745,87.38272210282622,90.38587587792918,88.82762060986765,2.5188240568947236,18.9280612434943,-73.71537161851965,-21.101381923211875,-1071.3419852686518,407.8046027603993,-707.5478887552463
