f,att_rot,res_med,G1,G2,G3,th1,th2,th3,ph1,ph2,ph3,O1/G1,O2/G2,O3/G3
35.0,-1,1013.3193665726219,1.0000268979663942,1.000055173035115,0.9999999361685572,90.02086748968404,90.01461392696613,0.02542800044152289,-0.0022284082141406994,-89.99777308497313,34.87298378946819,0.6246930527158207,-0.8923849177502575,0.015512387822264983
