f,att_rot,res_med,G1,G2,G3,th1,th2,th3,ph1,ph2,ph3,O1/G1,O2/G2,O3/G3
234.99999999999997,-1,689.3694535823906,0.9641249878303474,0.9264660715830417,1.0046410354314403,89.98312623124836,89.98631696229926,0.01439152439938859,-68.5649140630958,14.40534211916799,-51.097727681311014,-144.48654900332818,207.8480345806412,-0.8689489595775771
