f,att_rot,res_med,G11,G12,G13,G21,G22,G23,G31,G32,G33,O1,O2,O3
234.99999999999997,-1,96.66132973883244,0.999998796248128,0.0009669860728639249,0.00022155323589662405,-0.016831330358136755,-0.0009662762764940485,0.9999998807521968,0.00016015439928322202,-0.004914938730914941,-0.00022166564817422926,-0.00015999896293997294,0.9999999696530365,0.0003878484746976902
