f,att_rot,res_med,G1,G2,G3,th1,th2,th3,ph1,ph2,ph3,O1/G1,O2/G2,O3/G3
234.99999999999997,-1,96.66132973883244,0.99999928832255,1.000000360421776,1.0000000070207007,89.98730592550771,89.99082383211868,0.01566338439209181,0.05540427024719989,-89.94463645814209,35.82186969375726,-0.016831342336623548,-0.004914936959464634,0.0003878484719747222
