f,att_rot,res_med,G1,G2,G3,th1,th2,th3,ph1,ph2,ph3,O1/G1,O2/G2,O3/G3
234.99999999999997,-1,1078.0845702496217,126.46802858801243,131.69638245421118,79.52741607808088,88.35006042328585,87.24369217769794,1.5544388736594834,0.12778586318013876,-88.46198148653643,-63.03870734817653,-926.7196223423286,223.59516359879086,-632.0247026665106
