f,att_rot,res_med,G11,G12,G13,G21,G22,G23,G31,G32,G33,O1,O2,O3
234.99999999999997,-1,554.9836221309788,0.9462204180134244,0.07719968228146684,0.00021260193987533753,-571.5107689314698,0.0765208587170593,0.8946065752199556,0.00016983615797619558,795.3229598075391,-0.0002556470102792627,-6.947936952259073e-05,1.0015897465607604,-0.41720799153118304
