f,att_rot,res_med,G1,G2,G3,th1,th2,th3,ph1,ph2,ph3,O1/G1,O2/G2,O3/G3
35.0,-1,242.5339854059121,0.99489902504628,1.0051009417732253,1.0000311280497642,90.00663857314821,90.0046013431132,0.4500470681820594,0.421728111017032,-89.79663231947364,-56.02748620937013,-26.46112740157319,-18.222306591902985,-23.12902609780655
