f,att_rot,res_med,G11,G12,G13,G21,G22,G23,G31,G32,G33,O1,O2,O3
35.0,-1,242.5339854059121,0.9948720678647294,0.007322931961707534,-0.00011527393455850433,-26.326149853450573,-0.003567533579300896,1.0050946071600182,-8.07182366801732e-05,-18.31525751680214,-0.004389317221672047,0.006514169072413372,1.000000278282015,-23.12974605928192
