f,att_rot,res_med,G11,G12,G13,G21,G22,G23,G31,G32,G33,O1,O2,O3
234.99999999999997,-1,1078.0845702496217,-126.415280355096,-0.2819424509282237,3.641381075247654,-117200.4036914617,3.530676211603149,-131.49663202379992,6.333027981308903,29446.674180218277,-0.9781040807640451,1.9228475924970856,79.49815015205962,-50263.29150058494
