f,att_rot,res_med,G11,G12,G13,G21,G22,G23,G31,G32,G33,O1,O2,O3
234.99999999999997,-1,689.3694535823906,0.3523364360948844,-0.8974385479453758,0.0002839375255108201,-139.30309229948267,0.8973379246117992,0.2304864028418139,0.00022125312148948723,192.56415208418287,-0.00015847126148608385,0.00019637965023104107,1.0046410037394695,-0.8729817824870899
