f,att_rot,res_med,G1,G2,G3,th1,th2,th3,ph1,ph2,ph3,O1/G1,O2/G2,O3/G3
234.99999999999997,-1,554.9836221309788,0.9493644798545202,0.8978732622647223,1.0015897815964503,89.98716910709064,89.98916228433595,0.01515472379698417,4.664283832136784,85.1110615246401,15.204511067762006,-601.9929974829557,885.7853254272004,-0.416545774724447
