f,att_rot,res_med,G11,G12,G13,G21,G22,G23,G31,G32,G33,O1,O2,O3
35.0,-1,1013.3193665726219,1.0000268308851041,-3.8894103970088734e-05,-0.00036421618997182055,0.6247098556885593,-3.8869142517180156e-05,1.000055139749864,-0.0002550752119366948,-0.8924341533346607,0.00036410496638318866,0.0002537479919055339,0.9999998376883111,0.015512386832086887
