G1,G2,G3,th1,th2,th3,ph1,ph2,ph3,O1/G1,O2/G2,O3/G3
130.0243529345656,140.06866128406438,95.19364778262954,90.5615647521735,89.11190083781574,2.3448280650835724,-87.73167544403246,-4.572707632106942,-36.33150946358327,-115.59516449427467,-776.0449360601508,-621.1387145903932
